 USE QuanLyKTX

 GO

 -- DATA TABLE SINHVIEN
 INSERT INTO SINHVIEN(MA_SV,HOTEN_SV, GIOITINH_SV, NAMSINH_SV, SODT_SV, QUEQUAN_SV, MAIL_V)
 VALUES ('UTC2-1', N'Đỗ Phương Anh', N'Nữ', 2000, 0363736376, N'Thanh Hóa', N'dophuonganh@gmail.com')
 INSERT INTO SINHVIEN(MA_SV,HOTEN_SV, GIOITINH_SV, NAMSINH_SV, SODT_SV, QUEQUAN_SV, MAIL_V)
 VALUES ('UTC2-2', N'Đỗ Phương Anh', N'Nữ', 2000, 0363345876, N'Thanh Hóa', N'dophuonganh1st@gmail.com')
 INSERT INTO SINHVIEN(MA_SV,HOTEN_SV, GIOITINH_SV, NAMSINH_SV, SODT_SV, QUEQUAN_SV, MAIL_V)
 VALUES ('UTC2-5', N'Trần Hoàng Nam', N'Nam', 1998, 0363345334, N'Phú Yên', N'tranhoangnam@gmail.com')
 INSERT INTO SINHVIEN(MA_SV,HOTEN_SV, GIOITINH_SV, NAMSINH_SV, SODT_SV, QUEQUAN_SV, MAIL_V)
 VALUES ('UTC2-8', N'Nguyễn Thu Trang', N'Nữ', 2001, 0363453456, N'Bình Định', N'nguyenthutrang@gmail.com')
 INSERT INTO SINHVIEN(MA_SV,HOTEN_SV, GIOITINH_SV, NAMSINH_SV, SODT_SV, QUEQUAN_SV, MAIL_V)
 VALUES ('UTC2-10', N'Trịnh Trọng HiếU', N'Nam', 1999, 0363736376, N'Tây Ninh', N'trinhtronghieu@gmail.com')
 INSERT INTO SINHVIEN(MA_SV,HOTEN_SV, GIOITINH_SV, NAMSINH_SV, SODT_SV, QUEQUAN_SV, MAIL_V)
 VALUES ('UTC2-15', N'Đỗ Nam Anh', N'Nam', 1999, 0363612323, N'Đồng Nai', N'donamanh@gmail.com')
 INSERT INTO SINHVIEN(MA_SV,HOTEN_SV, GIOITINH_SV, NAMSINH_SV, SODT_SV, QUEQUAN_SV, MAIL_V)
 VALUES ('UTC2-25', N'Võ Trung Hoàng', N'NAM', 2001, 0361236543, N'Bình Định', N'votrunghoang@gmail.com')
 INSERT INTO SINHVIEN(MA_SV,HOTEN_SV, GIOITINH_SV, NAMSINH_SV, SODT_SV, QUEQUAN_SV, MAIL_V)
 VALUES ('UTC2-26', N'Hoàng Anh Thư', N'Nữ', 2000, 0361352468, N'Bà Rịa- Vũng Tàu', N'hoanganhthu@gmail.com')


 -- DATA TABLE NHANVIEN
 INSERT INTO NHANVIEN(MA_NV,HOTEN_NV, GIOITINH_NV, NAMSINH_NV, SODT_NV, QUEQUAN_NV)
 VALUES ('KTX-UTC2-1', N'Nguyễn Bích Ngọc', N'Nữ', 1986, 0364563456, N'Bình Định')
 INSERT INTO NHANVIEN(MA_NV,HOTEN_NV, GIOITINH_NV, NAMSINH_NV, SODT_NV, QUEQUAN_NV)
 VALUES ('KTX-UTC2-2', N'Trần Trung Thăng', N'Nam', 1970, 0365672345, N'Bình Định')
 INSERT INTO NHANVIEN(MA_NV,HOTEN_NV, GIOITINH_NV, NAMSINH_NV, SODT_NV, QUEQUAN_NV)
 VALUES ('KTX-UTC2-3', N'Hoàng Anh Vũ', N'Nam', 1986, 0365675674, N'Tây Ninh')
 INSERT INTO NHANVIEN(MA_NV,HOTEN_NV, GIOITINH_NV, NAMSINH_NV, SODT_NV, QUEQUAN_NV)
 VALUES ('KTX-UTC2-4', N'Trần Huyền Trang', N'Nữ', 1986, 0364987678, N'Ninh Thuận')
 INSERT INTO NHANVIEN(MA_NV,HOTEN_NV, GIOITINH_NV, NAMSINH_NV, SODT_NV, QUEQUAN_NV)
 VALUES ('KTX-UTC2-5', N'Nguyễn Bích Ngọc', N'Nữ', 1984, 0364345234, N'An Giang')
 INSERT INTO NHANVIEN(MA_NV,HOTEN_NV, GIOITINH_NV, NAMSINH_NV, SODT_NV, QUEQUAN_NV)
 VALUES ('KTX-UTC2-6', N'Võ Hồng Linh', N'Nữ', 1980, 0364563456, N'Bà Rịa - Vũng Tàu')
 INSERT INTO NHANVIEN(MA_NV,HOTEN_NV, GIOITINH_NV, NAMSINH_NV, SODT_NV, QUEQUAN_NV)
 VALUES ('KTX-UTC2-7', N'Nguyễn Bích Ngọc', N'Nữ', 1986, 0364563456, N'Bình Định')


 --DATA TABLE PHONGKTX
 INSERT INTO PHONGKTX(MA_PHONGKTX, DAY_NHA, KHU_NHA, CHUC_NANG, DTICH_PHONGKTX, SO_GIUONG, CON_TRONG)
 VALUES ('PHG-D1-1', N'Dãy D1', N'Nhà cấp 4', N'Phòng ở', 20, 6, 2)
 INSERT INTO PHONGKTX(MA_PHONGKTX, DAY_NHA, KHU_NHA, CHUC_NANG, DTICH_PHONGKTX, SO_GIUONG, CON_TRONG)
 VALUES ('PHG-D1-2', N'Dãy D1', N'Khu nhà cấp 4', N'Phòng ở', 20, 6, 3)
 INSERT INTO PHONGKTX(MA_PHONGKTX, DAY_NHA, KHU_NHA, CHUC_NANG, DTICH_PHONGKTX, SO_GIUONG, CON_TRONG)
 VALUES ('PHG-D2-1', N'Dãy D2', N'Nhà cấp 4', N'Phòng học chung', 50, NULL, NULL)
 INSERT INTO PHONGKTX(MA_PHONGKTX, DAY_NHA, KHU_NHA, CHUC_NANG, DTICH_PHONGKTX, SO_GIUONG, CON_TRONG)
 VALUES ('PHG-D2-2', N'Dãy D1', N'Nhà cấp 4', N'Phòng học chung', 50, NULL, NULL)
 INSERT INTO PHONGKTX(MA_PHONGKTX, DAY_NHA, KHU_NHA, CHUC_NANG, DTICH_PHONGKTX, SO_GIUONG,CON_TRONG)
 VALUES ('PHG-A1-1', N'Dãy A1', N'Nhà 7 tầng', N'Phòng ở', 25, 8, 1)
 INSERT INTO PHONGKTX(MA_PHONGKTX, DAY_NHA, KHU_NHA, CHUC_NANG, DTICH_PHONGKTX, SO_GIUONG,CON_TRONG)
 VALUES ('PHG-A1-3', N'Dãy A1', N'Nhà 7 tầng', N'Phòng ở', 25, 8, 0)
 INSERT INTO PHONGKTX(MA_PHONGKTX, DAY_NHA, KHU_NHA, CHUC_NANG, DTICH_PHONGKTX, SO_GIUONG, CON_TRONG)
 VALUES ('PHG-A6-5', N'Dãy A6', N'Nhà 7 tầng', N'Phòng học', 50, NULL, NULL)

 -- DATA TABLE HOPDONG
 INSERT INTO HOPDONG(MA_HOPDONG, TEN_HOPDONG, MA_NV, MA_SV, NGAYLAP_HOPDONG, NGAYHET_HOPDONG)
 VALUES ('HOPD-1', N'Hợp đồng tạm trú kí túc xá', 'KTX-UTC2-4', 'UTC2-26', 'Jan 20, 2020', 'July 15, 2020')
 INSERT INTO HOPDONG(MA_HOPDONG, TEN_HOPDONG, MA_NV, MA_SV, NGAYLAP_HOPDONG, NGAYHET_HOPDONG)
 VALUES ('HOPD-3', N'Hợp đồng tạm trú kí túc xá', 'KTX-UTC2-4', 'UTC2-1', 'Jan 18, 2020', 'July 15, 2020')
 INSERT INTO HOPDONG(MA_HOPDONG, TEN_HOPDONG, MA_NV, MA_SV, NGAYLAP_HOPDONG, NGAYHET_HOPDONG)
 VALUES ('HOPD-4', N'Hợp đồng tạm trú kí túc xá', 'KTX-UTC2-1', 'UTC2-2', 'Jan 20, 2020', 'July 15, 2020')
 INSERT INTO HOPDONG(MA_HOPDONG, TEN_HOPDONG, MA_NV, MA_SV, NGAYLAP_HOPDONG, NGAYHET_HOPDONG)
 VALUES ('HOPD-5', N'Hợp đồng tạm trú kí túc xá', 'KTX-UTC2-3', 'UTC2-5', 'Jan 19, 2020', 'July 15, 2020')
 INSERT INTO HOPDONG(MA_HOPDONG, TEN_HOPDONG, MA_NV, MA_SV, NGAYLAP_HOPDONG, NGAYHET_HOPDONG)
 VALUES ('HOPD-9', N'Hợp đồng tạm trú kí túc xá', 'KTX-UTC2-2', 'UTC2-8', 'Jan 20, 2020', 'July 15, 2020')
 INSERT INTO HOPDONG(MA_HOPDONG, TEN_HOPDONG, MA_NV, MA_SV, NGAYLAP_HOPDONG, NGAYHET_HOPDONG)
 VALUES ('HOPD-10', N'Hợp đồng tạm trú kí túc xá', 'KTX-UTC2-2', 'UTC2-10', 'Jan 18, 2020', 'July 15, 2020')
 INSERT INTO HOPDONG(MA_HOPDONG, TEN_HOPDONG, MA_NV, MA_SV, NGAYLAP_HOPDONG, NGAYHET_HOPDONG)
 VALUES ('HOPD-14', N'Hợp đồng tạm trú kí túc xá', 'KTX-UTC2-2', 'UTC2-15', 'Jan 19, 2020', 'July 15, 2020')
 INSERT INTO HOPDONG(MA_HOPDONG, TEN_HOPDONG, MA_NV, MA_SV, NGAYLAP_HOPDONG, NGAYHET_HOPDONG)
 VALUES ('HOPD-19', N'Hợp đồng tạm trú kí túc xá', 'KTX-UTC2-5', 'UTC2-25', 'Jan 19, 2020', 'July 15, 2020')


 --DATA TABLE HOADON
 INSERT INTO HOADON(MA_HOADON, TEN_HOADON, NGLAP_HOADO, MA_SV, PHONGKTX, NGAYLAP_HOADON)
 VALUES ('HOADON-10', N'Hóa đơn tháng 2', 'KTX-UTC2-4', 'UTC2-26', 'PHG-A6-5','Feb 28, 2020')
 INSERT INTO HOADON(MA_HOADON, TEN_HOADON, NGLAP_HOADO, MA_SV, PHONGKTX, NGAYLAP_HOADON)
 VALUES ('HOADON-12', N'Hóa đơn tháng 5', 'KTX-UTC2-5', 'UTC2-26', 'PHG-D1-1','May 28, 2020')
 INSERT INTO HOADON(MA_HOADON, TEN_HOADON, NGLAP_HOADO, MA_SV, PHONGKTX, NGAYLAP_HOADON)
 VALUES ('HOADON-15', N'Hóa đơn tháng 2', 'KTX-UTC2-4', 'UTC2-1', 'PHG-D1-2','Feb 28, 2020')
 INSERT INTO HOADON(MA_HOADON, TEN_HOADON, NGLAP_HOADO, MA_SV, PHONGKTX, NGAYLAP_HOADON)
 VALUES ('HOADON-19', N'Hóa đơn tháng 6', 'KTX-UTC2-4', 'UTC2-26', 'PHG-A1-1','June 28, 2020')

 -- DATA TABLE SOTHEODOI
 INSERT INTO SOTHEODOI(MA_SO,TEN_SO, NG_KHENPHAT, PHGKTX, NG_GHISO, MA_KHENPHAT, TEN_KHENPHAT,NGAYGHI_SO)
 VALUES ('STD-1', N'Sổ theo dõi sinh viên', 'UTC2-1', 'PHG-D1-1','KTX-UTC2-5', 'KHEN-11', N'Nhặt được của rơi trả lại người mất', 'May 05, 2020')
 INSERT INTO SOTHEODOI(MA_SO,TEN_SO, NG_KHENPHAT, PHGKTX, NG_GHISO, MA_KHENPHAT, TEN_KHENPHAT,NGAYGHI_SO)
 VALUES ('STD-2', N'Sổ theo dõi sinh viên', 'NULL','PHG-D1-1', 'KTX-UTC2-5', 'PHAT-15', N'Vệ sinh bẩn', 'May 18, 2020')
 INSERT INTO SOTHEODOI(MA_SO,TEN_SO, NG_KHENPHAT, PHGKTX, NG_GHISO, MA_KHENPHAT, TEN_KHENPHAT,NGAYGHI_SO)
 VALUES ('STD-3', N'Sổ theo dõi sinh viên', 'UTC2-25', 'PHG-D2-1','KTX-UTC2-2', 'PHAT-11', N'Xả rác không đúng nơi quy định', 'June 11, 2020')


 -- DATA TABLE BAOCAO_THONGKE
 INSERT INTO BAOCAO_THONGKE(MA_BCTK, TEN_BCTK, NGLAP_BCTK, NGAYLAP_BCTK)
 VALUES ('BCTK-1', N'Đóng tiền', 'KTX-UTC2-1', 'June 30, 2020')
 INSERT INTO BAOCAO_THONGKE(MA_BCTK, TEN_BCTK, NGLAP_BCTK, NGAYLAP_BCTK)
 VALUES ('BCTK-3', N'Chất lượng', 'KTX-UTC2-1', 'June 30, 2020')
 INSERT INTO BAOCAO_THONGKE(MA_BCTK, TEN_BCTK, NGLAP_BCTK, NGAYLAP_BCTK)
 VALUES ('BCTK-4', N'Vệ sinh', 'KTX-UTC2-1', 'June 29, 2020')


 -- DATA TABLE THANNHAN
 INSERT INTO THANNHAN(MA_SV, HOTEN_TN, QUAN_HE, GIOITINH_TN,SODT_TN)
 VALUES ('UTC2-8', N'Nguyễn Thành Trung', N'Cha',N'Nam', '0374564567')
 INSERT INTO THANNHAN(MA_SV, HOTEN_TN, QUAN_HE, GIOITINH_TN,SODT_TN)
 VALUES ('UTC2-1', N'Đỗ Quốc Dũng', N'Cha',N'Nam', '0378912345')
 INSERT INTO THANNHAN(MA_SV, HOTEN_TN, QUAN_HE, GIOITINH_TN,SODT_TN)
 VALUES ('UTC2-2', N'Đỗ Trung Quân', N'Cha',N'Nam', '0373465243')
 INSERT INTO THANNHAN(MA_SV, HOTEN_TN, QUAN_HE, GIOITINH_TN,SODT_TN)
 VALUES ('UTC2-5', N'Đặng Thị Ngọc', N'Mẹ', N'Nữ', '0373453456')
 INSERT INTO THANNHAN(MA_SV, HOTEN_TN, QUAN_HE, GIOITINH_TN,SODT_TN)
 VALUES ('UTC2-10', N'Trịnh Thị Ngọc', N'Mẹ', N'Nữ', '0374512456')
 INSERT INTO THANNHAN(MA_SV, HOTEN_TN, QUAN_HE, GIOITINH_TN,SODT_TN)
 VALUES ('UTC2-15', N'Đỗ Quốc Dũng', N'Cha',N'Nam', '0374576548')
 INSERT INTO THANNHAN(MA_SV, HOTEN_TN, QUAN_HE, GIOITINH_TN,SODT_TN)
 VALUES ('UTC2-25', N'Mai Minh Hằng', N'Mẹ',N'Nữ', '037445675')
 INSERT INTO THANNHAN(MA_SV, HOTEN_TN, QUAN_HE, GIOITINH_TN,SODT_TN)
 VALUES ('UTC2-26', N'Trần Ngọc Anh', N'Mẹ', N'Nữ', '0374135246')


 -- DATA TABLE DIENNUOC
 INSERT INTO DIENNUOC(MA_HOADON, SODIEN,SOKHOINUOC, DON_GIA, TONG_TIEN)
 VALUES ('DIENNUOC-1', 22, 12, '20,000', '295,000')
 INSERT INTO DIENNUOC(MA_HOADON, SODIEN,SOKHOINUOC, DON_GIA, TONG_TIEN)
 VALUES ('DIENNUOC-2', 25, 14, '20,000', '342,500')
 INSERT INTO DIENNUOC(MA_HOADON, SODIEN,SOKHOINUOC, DON_GIA, TONG_TIEN)
 VALUES ('DIENNUOC-3', 20, 11, '20,000', '260,000')
 INSERT INTO DIENNUOC(MA_HOADON, SODIEN,SOKHOINUOC, DON_GIA, TONG_TIEN)
 VALUES ('DIENNUOC-4', 22, 14, '20,000', '335,000')


 GO

 SELECT DISTINCT * FROM SINHVIEN

 GO

 SELECT DISTINCT * FROM NHANVIEN

 GO

 SELECT DISTINCT * FROM PHONGKTX

 GO

 SELECT DISTINCT * FROM HOPDONG

 GO

 SELECT DISTINCT * FROM HOADON

 GO

 SELECT DISTINCT * FROM SOTHEODOI

 GO

 SELECT DISTINCT * FROM BAOCAO_THONGKE

 GO

 SELECT DISTINCT * FROM THANNHAN

 GO

 SELECT DISTINCT * FROM DIENNUOC